Pitch_Normalized,Delta_Pitch_Smoothed,Roll_Normalized,Delta_Roll_Smoothed,Yaw_Normalized,Delta_Yaw_Smoothed,Label1_Move,Label2_Bend,Label4_Speed
-0.5038363457522337,0.11405105623378517,-3.4287059237680637,0.5797960754695624,2.198176875694145,-0.2953908843151112,0,0,0
-0.3274313247909362,0.10633889243777617,-2.747816045270781,0.6206250686219003,1.9455193952565821,-0.354110931326872,0,0,0
-0.16668962727239034,0.09712825412975487,-2.0467524030240725,0.6549504901213327,1.6407819827943513,-0.4123216102129114,0,0,0
-0.03352555724239892,0.08810140523950238,-1.3101597685292745,0.6827750932147758,1.241406055643779,-0.4658976711589915,0,0,0
0.06641893541669219,0.08022695734990748,-0.5297255464202522,0.7024527406355472,0.721222454118589,-0.5102324651628705,0,0,0
0.13419700887442332,0.07394606568023362,0.29504448796333804,0.7114010051833901,0.07351128773291293,-0.5407800726788906,0,0,0
0.17606143315605038,0.07625075889035174,1.1559475070812653,0.777684021840588,-0.6880743957962352,-0.6092124122866863,0,0,0
0.2009748961637854,0.061716287972110706,2.0334948219501428,0.7569909333329434,-1.5290044935777871,-0.631640424802967,0,0,0
0.21820627039693363,0.049447815514349715,2.8933687419518606,0.7112060746559337,-2.393915310771689,-0.6229742911202407,0,0,0
0.23562431105010262,0.04021141085981981,3.6853041280658374,0.6378298662560382,-3.2096238510947614,-0.5777819594275286,0,0,0
0.25867124315128365,0.033927031978005576,4.348134294637816,0.5388377320289521,-3.8939472471727186,-0.49677095237427693,0,0,0
0.2897315549301709,0.029833981224645357,4.822093288058653,0.42009387686133265,-4.370884852773088,-0.38629984160662045,0,0,0
0.3277885278711068,0.026904606960214038,5.065308343535264,0.2898414657488416,-4.588960928408056,-0.25663073234149747,0,0,0
0.36858855135579915,0.024307712440671026,5.068138894031108,0.15718901375548455,-4.536413538631507,-0.11987551946862425,0,0,0
0.4056892551967479,0.02170431965872268,4.858651773869269,0.0312563859077926,-4.24648706962418,0.01159160290012835,0,0,0
0.4325368211208769,0.01927375456055245,4.495983256576665,-0.07913392707151842,-3.789487128333292,0.12619997108562017,0,0,0
0.4451075027581908,0.01752630846843033,4.054362164569682,-0.16591524758416085,-3.25438171921121,0.2142359874305612,0,0,0
0.44405202057049564,0.017043509244577138,3.6053849595049883,-0.22291586366972638,-2.7277596882640296,0.2692775855790018,0,0,0
0.43524946698416045,0.018262049259017487,3.2059326010297866,-0.2474816570357717,-2.2779992817704056,0.28976863833120203,0,0,0
0.4283618566556271,0.021337116257231514,2.893964857350653,-0.24178080963122853,-1.9476241402385597,0.27998270275228376,0,0,0
0.43393432783558694,0.02606151967558219,2.688981818796208,-0.21299502400390508,-1.7515873728671068,0.2496869558509644,0,0,0
0.46016664737594226,0.03181793037508527,2.5929346513613893,-0.17213973395069218,-1.6781089969830703,0.21236506478093703,0,0,0
0.5104090204612817,0.037586751924843044,2.590491773177547,-0.13191453804410286,-1.6912745450960358,0.18250310345188722,0,0,0
0.5819597139281143,0.04206616888660051,2.650330797718823,-0.10436160885052174,-1.7365865111086691,0.17280322562297953,0,0,0
0.6663044519525698,0.043936184973023276,2.7287015338302183,-0.09899114357876329,-1.7496175111145362,0.19205364090557567,0,0,0
0.7507161248717296,0.04221974276493086,2.774585917069743,-0.12154683650442166,-1.6658364805239216,0.2438761139935451,0,0,0
0.8209750220066212,0.036618009373911777,2.735216784128653,-0.17319416310116936,-1.4293506846923378,0.3261597590956768,0,0,0
0.8647137094365007,0.027686548233299392,2.561768870999771,-0.24999991272526642,-0.9997274320342342,0.4310453109963845,0,0,0
0.8746113167143932,0.016787152289379038,2.2160211652421538,-0.3429668917919912,-0.35746287271464894,0.5456653005309278,0,0,0
0.8505592843049357,0.005844258079804376,1.6784964923064365,-0.4390426262019588,0.4911369996968915,0.6539224981338577,0,0,0
0.8001144215747047,-0.003011241818424537,0.9570401877845143,-0.5231721486686809,1.5100102180896613,0.7391780037650705,0,0,0
0.7370321297089362,-0.007832464035858777,0.09293552410872508,-0.5809551205028214,2.6323441129807748,0.7872242552563392,0,0,0
0.678280543355072,-0.007230980859766589,-0.839177144742365,-0.6012808761038315,3.765378460213242,0.7888357520332079,0,0,0
0.6404022947261581,-0.0006915462185105526,-1.7400954643007651,-0.5784740691057351,4.802638470229908,0.7414806456925191,0,0,0
0.6361920337683244,0.011241536619260728,-2.50301995285659,-0.513639440728349,5.642162526536168,0.6500137314451478,0,0,0
0.6723914845131418,0.026992267554201987,-3.034965287958471,-0.41490610032101927,6.206406072039471,0.5262001406827466,0,0,0
0.7486652134089553,0.04424105094157653,-3.2775919769096618,-0.29636868469363264,6.459006835639741,0.38700388096638105,0,0,0
0.8577982472513952,0.060422332609232396,-3.2229718200575803,-0.1758601491637563,6.415079024890957,0.2518970655082029,0,0,0
0.9870266829070005,0.0732845341421509,-2.920373242041336,-0.07205641400834964,6.14267444173683,0.13978275494834805,0,0,0
1.1204819598469555,0.08133263891545398,-2.470564510903756,-0.0015255856045740756,5.753138406524357,0.06618223210440419,0,0,0
1.24252493099047,0.08402586625352057,-2.006646659151812,0.023794186312633768,5.380049027753472,0.0411388583346735,0,0,0
1.3412554558012602,0.08171004489664,-1.665665967528838,-0.0016019385398237773,5.151314768062804,0.06802751705750439,0,0,0
1.411125884776581,0.07537412365112602,-1.5597412848258614,-0.0758120551264625,5.163206009696722,0.14321861239687622,0,0,0
1.4537286838806978,0.06637334323514352,-1.7553513203465059,-0.18940690006533317,5.46446079127395,0.2564342023726738,0,0,0
1.4764506963035302,0.05621693864771231,-2.2650780897302525,-0.32630364249625077,6.053551109882903,0.39180962812539233,0,0,0
1.4894919334795418,0.0464133065254444,-3.0509846733567088,-0.46592846696383106,6.8866812426145145,0.5299455826094033,0,0,0
1.5024064499202154,0.03830728364907401,-4.035712528174287,-0.5866950062241045,7.891192959608503,0.651061947595528,0,0,0
1.5215316796028304,0.03288696924130648,-5.117040820710912,-0.6700899436677361,8.979421048617695,0.7386420310228659,0,0,0
1.5491960693841236,0.030618799229837634,-6.183409667003843,-0.7041087664866665,10.060770722990753,0.7823781080672149,0,0,0
1.5846150251013995,0.03139782590211269,-7.129849180542067,-0.6850175952251817,11.05259423261839,0.7794575699548858,0,0,0
1.62559776748121,0.034654699525685825,-7.8735967213928575,-0.6172138366146698,11.890668503708753,0.7340517373509499,0,0,0
1.670125148214325,0.039583383161127014,-8.366565404206199,-0.511627112306084,12.537735078291462,0.6555501782555069,0,0,0
1.7173138770749574,0.04538955922452885,-8.600828949692527,-0.3832853815990802,12.98698709036887,0.5562392422354691,0,0,0
1.7677069429018246,0.051442324203524945,-8.605527272598323,-0.2485373012021057,13.259036490822808,0.44892764939608865,0,0,0
1.8229976915603885,0.05726652387921689,-8.43721645587695,-0.1222799877533987,13.394068483392402,0.34479690726710144,0,0,0
1.885325765090812,0.06241976208369522,-8.16725579641755,-0.01555151754248243,13.442183025169584,0.2516888220035497,0,0,0
1.956302042165504,0.06637314337259426,-7.868566344165089,0.06602550054535924,13.453585381963194,0.17314796578386052,0,0,0
2.03595492163808,0.0684932066544377,-7.602413832731969,0.12243714886852501,13.468697542578582,0.1086113333943814,0,0,0
2.1218613081762925,0.06813782346540762,-7.40620954453783,0.15793207640659263,13.508739795661768,0.05487091376384114,0,0,0
2.2088126459383517,0.06481498091867906,-7.285364355966891,0.17863510187761733,13.569482452653887,0.008298007697914046,0,0,0
2.2893292012071527,0.058345622495868096,-7.213341715939265,0.1901831890788344,13.622148161547358,-0.033218365517709,0,0,0
2.355057214758702,0.048990969490098735,-7.142193915520949,0.19638685571903808,13.623848412235276,-0.06954408143210174,0,0,0
2.3986921117290336,0.03751429901264771,-7.021508185626601,0.19921289623831057,13.535696228007282,-0.0989234209346506,0,0,0
2.415856752088615,0.02514487585102927,-6.81917625382215,0.19957038937597246,13.342016567801949,-0.11926272718203564,0,0,0
2.4064539165190695,0.013421116283984702,-6.535384565088606,0.1980733531463727,13.061884828215312,-0.12915491510136973,0,0,0
2.3752354599917993,0.003925926887391995,-6.203387239227169,0.19529890465240668,12.746742210848566,-0.12819648888047935,0,0,0
2.331445032291981,-0.002024778204149413,-5.876437381781983,0.19167584132407284,12.464351172616688,-0.1168461909828693,0,0,0
2.2874036801483726,-0.00365154279799782,-5.606709938972244,0.1875042568499566,12.276070270758225,-0.0964264396111389,0,0,0
2.2560724710161395,-0.000862568077283754,-5.425476013074103,0.1834891019430586,12.21719064464807,-0.06965743630487395,0,0,0
2.2480719148122716,0.005744537520399717,-5.332375309442824,0.18170914466335547,12.287517563849093,-0.04154501878097392,0,0,0
2.2690814191656585,0.015008857250850837,-5.2965833026985365,0.18646651330024894,12.453686251718665,-0.019936473948081356,0,0,0
2.3185417867787237,0.02540603275695048,-5.267151347021382,0.20428673154557658,12.659584016123887,-0.014979793621634485,0,0,0
2.390066430956196,0.03527480709080635,-5.186617166196015,0.24261424576473017,12.839121864958543,-0.03715986442741439,0,0,0
2.4733021272926123,0.0430558961189476,-5.002084807188595,0.3073727614224794,12.92656637999221,-0.09430691187569096,0,0,0
2.556542489027578,0.047541344084723394,-4.670719432086116,0.4002280054914252,12.862520088734499,-0.1885994638203073,0,0,0
2.629295787561304,0.048100394730390406,-4.160519923771403,0.5167399924085998,12.596944274632222,-0.3147956394589329,0,0,0
2.6841931032000446,0.04480949701863324,-3.450294924134681,0.6463793427757935,12.092752528342544,-0.4605773477402494,0,0,0
2.7179626413378486,0.038426174583933916,-2.5329823247474508,0.7746352255077994,11.333001152001316,-0.6090804861961943,0,0,0
2.7314859118633734,0.03020849089125477,-1.4231959581598517,0.8864918726512656,10.331196006444998,-0.7427545923646107,0,0,0
2.7290758621161757,0.021640092924279486,-0.16497538535682565,0.9698990484046532,9.139561169259764,-0.8471207534865727,0,0,0
2.717176389351991,0.01413993060828318,1.1672101250593983,1.0179177017113887,7.847912774316171,-0.9131335869839206,0,0,0
2.702803532618063,0.008823462997689546,2.4792009080566118,1.0289906508808015,6.568779154161945,-0.9376541421169605,0,0,0
2.6921513398687438,0.006353817222345981,3.6783015603166405,1.0057793979760163,5.411575941312435,-0.9224965214114519,0,0,0
2.689703056535407,0.0068858874894175415,4.696905676857938,0.9535685521918736,4.455358845126483,-0.8729980878670517,0,0,0
2.6979417951104097,0.010081903214555155,5.50845758502777,0.8790596220675937,3.7311842188952937,-0.7968224005482426,0,0,0
2.7175304175381996,0.015179486242926999,6.129386585036613,0.7897011194026845,3.220402853462616,-0.7030290917799817,0,0,0
2.7477312754235044,0.021108301041947185,6.607499055625482,0.6931106521460919,2.867787314228025,-0.6009511113650887,0,0,0
2.786821516232024,0.02664956687760167,7.002703197171286,0.5961138269513668,2.6030202733307988,-0.4985652031681383,0,0,0
2.832304944008925,0.03061296531762281,7.367400262516085,0.5034603884402827,2.3629720009625714,-0.40072158115682727,0,0,0
2.8808707245454457,0.031994947002820594,7.73203580867002,0.4168815670645273,2.1092702514599466,-0.30817608187225004,0,0,0
2.9282593997714628,0.0300939996450424,8.098316646520317,0.33523601704107475,1.8384016606652835,-0.21822555895735718,0,0,0
2.9692992013940795,0.024576375505661475,8.44033917757028,0.25592350687161913,1.5831271224805619,-0.12689420188670225,0,0,0
2.998280993044972,0.015493939730008321,8.712905444719468,0.17696108338967348,1.4043601297441626,-0.03169014546498659,0,0,0
3.009652526563613,0.003257686917122271,8.86572134750321,0.0986860267764044,1.3735980264039824,0.06639410443269753,0,0,0
2.9988817915608337,-0.011426359876180925,8.860817755438518,0.02422741340740515,1.548928629321722,0.1625530944960502,0,0,0
2.9632941725948143,-0.027651263525073945,8.688621653752804,-0.041469619897607404,1.9514608345955935,0.24956302123028423,0,0,0
2.9026706727235876,-0.04442407103552739,8.377109889522217,-0.093561515311535,2.550885859578159,0.3201451817120585,0,0,0
2.8193983854032467,-0.060775657659317514,7.98956346493533,-0.12927662329157955,3.266961317657774,0.369242456353598,0,0,0
2.7180413452471157,-0.0758208899933976,7.609674396590137,-0.14919614478817636,3.9885029459230736,0.3954691435765483,0,0,0
2.6043580892947062,-0.08874553717054852,7.317339609693946,-0.15759781611266988,4.604900463762789,0.401607728837007,0,0,0
2.484018689416189,-0.09876074680540085,7.162701493404967,-0.16203973824006113,5.039853477785869,0.3944330501809361,0,0,0
2.3615426248009044,-0.10511180649870937,7.147572944654485,-0.17243579910246468,5.2755516860165415,0.38409208219075597,0,0,0
2.240072093110996,-0.10720051323449553,7.220943996837704,-0.1996850381121547,5.359051565509645,0.38295285060377465,0,0,0
2.122197154858128,-0.10479611786621632,7.289743186376512,-0.253794289694504,5.389675314774053,0.40368338448421925,0,0,0
2.011274323506825,-0.09823017245424097,7.240420373037907,-0.34160449139605903,5.493259131131083,0.4565805654845093,0,0,0
1.9121761076077206,-0.0884491848176765,6.9642636627281576,-0.46460665311712007,5.792381656503153,0.5466991057282001,0,0,0
1.8306655403786323,-0.07685925066760291,6.38025950840067,-0.617588977544824,6.380414365615906,0.6717291306984862,0,0,0
1.7714372067410835,-0.06501381944540867,5.45162056799029,-0.7887263899824462,7.303795162499966,0.8215029832795437,0,0,0
1.735739620704706,-0.05428698377044441,4.193629482629547,-0.961234412877549,8.554308600768167,0.9794638086450107,0,0,0
1.7198662411179413,-0.04566178756302293,2.671273078522745,-1.116142381616828,10.07189152104479,1.1256944827300912,0,0,0
1.7154261827401598,-0.039663036639413465,0.9868117179567264,-1.2354202538415862,11.75714478477073,1.2405938683919573,0,0,0
1.7114044303468177,-0.036376569007622095,-0.7396909551699764,-1.304776408346477,13.490581518811979,1.3082652243930482,0,0,0
1.6972022554065518,-0.035490373895488855,-2.391400131937786,-1.3157872149500307,15.153689651959752,1.319056015841437,0,0,0
1.6655792792278987,-0.036345116940506725,-3.8716806297917685,-1.2672688993210783,16.646620142074966,1.2710685768521444,0,0,0
1.6146439571126905,-0.0380275816039628,-5.113782165377955,-1.16576014099534,17.899197815050655,1.170563594613307,0,0,0
1.5484104175314997,-0.039536287045164896,-6.083500420736613,-1.0248450823965811,18.875033900433635,1.0311186113262578,0,0,0
1.4757618014237437,-0.039996623420516644,-6.777612641099637,-0.8631464308851434,19.570974524030277,0.8714839306490859,0,0,0
1.4079860373360162,-0.03884837161781292,-7.221068425220494,-0.7011996125652047,20.01448093102141,0.712378822312769,0,0,0
1.355463804665078,-0.03592446044936395,-7.463971927323854,-0.5577987213542173,20.259944546901238,0.5727907241940529,0,0,0
1.3245033706662923,-0.031398025258744154,-7.577177745443066,-0.44654972178552726,20.38307763430737,0.4664880905537757,0,0,0
1.3154599485349934,-0.025650230456194835,-7.644652590894708,-0.3733156737023478,20.47198409126159,0.3994360942214229,0,0,0
1.3229207141686885,-0.019142121628438247,-7.751687080822023,-0.3351181309969434,20.61436974193967,0.36868654607573603,0,0,0
1.3379576509129123,-0.01233819297151939,-7.969387345479959,-0.32086046234246623,20.88159689390028,0.36309230537807197,0,0,0
1.3515990266404572,-0.005661820372786508,-8.337177847647041,-0.31388994736403786,21.311501047612722,0.3658346793906446,0,0,0
1.3581416525507422,0.0005773668682707012,-8.846938902401433,-0.2959399993495168,21.893558757264884,0.3582926148950861,0,0,0
1.3569892012471172,0.006318050634762073,-9.434681730706046,-0.25152465889350994,22.561899361190996,0.32434892965685264,0,0,0
1.3523798717085498,0.011899263627609003,-9.9862172645243,-0.17157330004444588,23.201897577810996,0.25397547338554605,0,0,0
1.3513678336081512,0.018115541209245124,-10.359967898860873,-0.05519659979250946,23.672827724927856,0.1450422392598199,0,0,0
1.361237473347785,0.026063670433859442,-10.423371920819022,0.09089934582100057,23.8428706958521,0.0028841715829827307,0,0,0
1.387683877013913,0.03676553629624664,-10.092424334378165,0.25486390824579247,23.626566930875896,-0.16192139198816163,0,0,0
1.4344525848110834,0.05069388162777955,-9.360385591339167,0.4227915710488446,23.01173882511705,-0.3364037770404565,0,0,0
1.5040761262611397,0.06742192434633694,-8.303653078747118,0.5812521417033338,22.064792134537868,-0.5075313486158877,0,0,0
1.5985943552515067,0.08558839773175748,-7.060393887269953,0.7187926500588816,20.910438609730107,-0.6635819126073642,0,0,0
1.7192543896029235,0.10322342863959051,-5.7885387651891165,0.8267346463849009,19.692287127731106,-0.7948749648972893,0,0,0
1.8650804688285376,0.11830423920209512,-4.619023191912987,0.8998440478913323,18.52952098686032,-0.8944459751430657,0,0,0
2.0312084447104866,0.12930861301351654,-3.6221603136727083,0.9370831064788916,17.48658587503212,-0.9588909590094715,0,0,0
2.2082638490261246,0.1355639433829822,-2.7982907639354835,0.9420621292883397,16.566078451737354,-0.9890130765575037,0,0,0
2.3836021200040562,0.13731934333377752,-2.092621435011864,0.9225098638855826,15.724078075954964,-0.9895706359240564,0,0,0
2.544279865368736,0.13560251159394596,-1.4249314419056986,0.8883785960092325,14.898410944421443,-0.9676935010450365,0,0,0
2.6807700071490785,0.13197741638278587,-0.7215932695892491,0.8489728097225537,14.03765734078118,-0.9303189340295489,0,0,0
2.7900920186409053,0.1282858756662563,0.060235701544229414,0.8102000254467583,13.121608059542012,-0.8817517541793933,0,0,0
2.877269559598915,0.12639449417404477,0.9214455601087082,0.7731094961645482,12.169085775297305,-0.8225381207126162,0,0,0
2.9546194711909664,0.12793457205672637,1.8233920728223723,0.7342312074778021,11.233503599279743,-0.7501254964350267,0,0,0
3.039028553430782,0.13403111143149998,2.701189332036421,0.6873691542628932,10.389097787435617,-0.6608132511168237,0,0,0
3.1479392254911005,0.145053159541105,3.482977062554596,0.6260182908167025,9.712003445066387,-0.5519709539075734,0,0,0
3.2951533864509344,0.16045285603507436,4.108934647972774,0.5455985674821306,9.261204667905957,-0.42362376484222464,0,0,0
3.4876095695933884,0.17876222222691354,4.544021310842538,0.4449793413969161,9.064823487387088,-0.2789877041036732,0,0,0
3.723913234319056,0.19777482249740644,4.781070107617069,0.3270555136829955,9.115945564786728,-0.1240236544641192,0,0,0
3.994811460779786,0.21488118457305916,4.835251466261326,0.19837708742182372,9.378701405345709,0.03360331192801595,0,0,0
4.285298567499822,0.2274880655234,4.734392405232057,0.06802345039884301,9.801419692358934,0.18568968518814302,0,0,0
4.577714240910041,0.23343975021514324,4.51002911551339,-0.0539960801067906,10.33173101850528,0.3244847295704517,0,0,0
4.855017784572979,0.2313615627554654,4.192000696938663,-0.1585163096876613,10.928849230656112,0.44347121295206193,0,0,0
5.103431316921558,0.22086086610485295,3.8071629470406094,-0.23881377589833902,11.569536718559903,0.5379886260060402,0,0,0
5.313909208664782,0.20255735326336294,3.381423836024851,-0.2916171689115913,12.245994639317047,0.6056276692489149,0,0,0
5.482336727642533,0.17795958687178343,2.94301626148669,-0.31721816921057666,12.956850740770903,0.6462227251928596,0,0,0
5.608769014005588,0.1492299434960344,2.5237715510961607,-0.31867012918762044,13.695916797426577,0.6613504853113426,0,0,0
5.696218230641918,0.11887808099245803,2.155883551859148,-0.30040791179420123,14.44470974744749,0.6534439073737758,0,0,0
5.7494867669526855,0.0894149767195529,1.8648984185011557,-0.2668462679090567,15.172222257275877,0.6248358068130841,0,0,0
5.77440732949762,0.06300547165376998,1.6630697741555593,-0.22153053238289147,15.840928657274304,0.5771687983943934,0,0,0
5.7775980024601665,0.041174932919133767,1.547691113355853,-0.16716131965242198,16.41492454547236,0.5115207142855439,0,0,0
5.766495050834621,0.024637081005839435,1.5059499975713777,-0.10632448491546712,16.86617009224304,0.4292273078530172,0,0,0
5.749167551768508,0.013297295923254637,1.5235380178480966,-0.04230999259259534,17.177207298786954,0.33293741752336814,0,0,0
5.733486033459258,0.006441435182856026,1.5918576232116948,0.020614618397667074,17.341224702503837,0.22728167875391705,0,0,0
5.72565853785612,0.0030529895292545463,1.7098106395006312,0.07764922588956438,17.361201782172486,0.11880565822883966,0,0,0
5.728707537700927,0.0021404929076922485,1.879771412332019,0.1242732061264121,17.249123819301076,0.015243381751344032,0,0,0
5.741741973238135,0.002945535631306484,2.1006716251702073,0.15692737098321743,17.025290972660258,-0.07555399277480604,0,0,0
5.760632582470478,0.00496418721758971,2.3620297358358187,0.17332883758702736,16.71752653498666,-0.14674080743060358,0,0,0
5.780016662245231,0.007822101778319279,2.6413906773967994,0.1725297547651053,16.360278839564273,-0.1934780964792509,0,0,0
5.795812258574543,0.011123104495378299,2.9058018354196804,0.1549679260909727,15.993362474787745,-0.21369965970711746,0,0,0
5.807053358773231,0.014385250081106448,3.1169648231880274,0.12262934053820232,15.6593846177243,-0.2085056885534641,0,0,0
5.816136923010518,0.017096988570921214,3.239238373441651,0.0792049278502219,15.398762017937003,-0.1820383201736405,0,0,0
5.827388569551701,0.018836695667134508,3.2488355654991494,0.029986618331639646,15.242426333994445,-0.14078937783854711,0,0,0
5.844717078413041,0.019365817565424947,3.1415368841214217,-0.01867625206173216,15.204228105432662,-0.0924664765556031,0,0,0
5.869511038667184,0.018639425358068708,2.9361040448826543,-0.060313313104367695,15.276144896637845,-0.044690243544195596,0,0,0
5.8996774234101395,0.01674079394643684,2.671820690834238,-0.08941898665125905,15.42874061756467,-0.003823755120660621,0,0,0
5.93010892990948,0.013796346789366965,2.400537808486604,-0.10240072409968945,15.617397194274787,0.025852265112013127,0,0,0
5.954290758124728,0.009938706370736839,2.175267215218497,-0.09817925673926312,15.79286176943063,0.042528675817825955,0,0,0
5.966410915825918,0.005350002842951085,2.0382575463531225,-0.07832731227876195,15.913376404122317,0.046817053911200904,0,0,0
5.963220198038911,0.0003517879663945678,2.01161196890709,-0.04671679117081453,15.955124923581138,0.04130059677316069,0,0,0
5.945016826666901,-0.00454098557026299,2.092957582191133,-0.008745342310655246,15.91790726884443,0.02978500466215337,0,0,0
5.915523986717886,-0.008672034228054315,2.25744580604902,0.029674496485458234,15.824048776115262,0.016423265388374374,0,0,0
5.880888597981212,-0.011403865866324737,2.46556244271153,0.06312630596910367,15.710596873106454,0.004919257198557148,0,0,0
5.848234958076986,-0.012318261768270134,2.6743689724132764,0.08751216090045091,15.61723407316427,-0.0020546918908479483,0,0,0
5.824101182964554,-0.011365833663701608,2.848650621776102,0.10060309817394283,15.573994943259379,-0.003215689382813025,0,0,0
5.812957081129596,-0.008900439091024736,2.9685656556888205,0.10230432223833645,15.592973271448415,0.0011455692884140944,0,0,0
5.816070271246232,-0.005589177292226566,3.0318008681776405,0.0946075945287049,15.666589766260358,0.009165859796732434,0,0,0
5.831108140442026,-0.002243055648364134,3.050388824223006,0.08115711117592639,15.77231485052215,0.017712257448584977,0,0,0
5.852752579188902,0.000361882556518367,3.044288528092551,0.06639457845419657,15.881219510294187,0.02309157449013526,0,0,0
5.874215807128664,0.001622509327111743,3.0346551912904545,0.05442856223776005,15.96658061646528,0.022075666364617063,0,0,0
5.889125053744635,0.001197314635359703,3.039033527478182,0.04798946952666654,16.009565866811755,0.012896938261175706,0,0,0
5.893093430234245,-0.0009415806656775771,3.069016917808284,0.047892416917923696,16.001171350601112,-0.004228218382993987,0,0,0
5.884507423546395,-0.004498308175101329,3.1295082272534955,0.05323290409926642,15.941512618007806,-0.027313570525447518,0,0,0
5.864460051348104,-0.008911754835875741,3.218654594790877,0.062180442800948296,15.83799073681044,-0.05345887461584766,0,0,0
5.836074329318151,-0.013491744514280413,3.3285453170427672,0.0729392571715067,15.702964325871136,-0.07992942062173256,0,0,0
5.8035412744728205,-0.01759229984785975,3.4474898248680574,0.08439968020722972,15.550691087618475,-0.10495634775700183,0,0,0
5.771087189495219,-0.020749204508935293,3.5641299091703047,0.09623373121518455,15.393454061005883,-0.12795140849244718,0,0,0
5.741990592083269,-0.022729243206916293,3.672193252232489,0.10854001424282558,15.237726104363674,-0.14917365821759176,0,0,0
5.717835134046098,-0.02349598242609119,3.773681099807618,0.12137660435496685,15.081925304076861,-0.16914925249932936,0,0,0
5.698292808650066,-0.023143794877731237,3.8786519933627517,0.13448442795794618,14.917017138895261,-0.18817334957412016,0,0,0
5.681633008655282,-0.02185196707478383,4.001370839630027,0.1472607042858641,14.730051781887283,-0.20604690282542037,0,0,0
5.665800998165082,-0.019869621064027853,4.15441706023654,0.15881402178806353,14.509434768425194,-0.22199482924980884,0,0,0
5.649547599285484,-0.017500301552834684,4.343274270803164,0.16791024599933735,14.250020093014513,-0.23463949124550823,0,0,0
5.633022102570791,-0.01505247593607919,4.563498874370339,0.1728043121663319,13.956257241069238,-0.24199367663084673,0,0,0
5.617554658570313,-0.01276044996141934,4.801152359901408,0.1711652377179874,13.642495297616932,-0.24157295887500824,0,0,0
5.604845063832542,-0.010720252212732363,5.035630042748693,0.16034145953276635,13.330742795120386,-0.23076229296731868,0,0,0
5.596084173966872,-0.008887139777364439,5.243232369163678,0.1380423823619509,13.047059148550801,-0.20746989004929048,0,0,0
5.591465832722477,-0.007142744637302201,5.400236373895808,0.1032634441121445,12.817789338055206,-0.1709446538702025,0,0,0
5.590230634431904,-0.005392836844491456,5.485333476987492,0.057119840173149326,12.66619571532678,-0.12251723937853001,0,0,0
5.591090286522743,-0.003637947250328466,5.482066588690415,0.0032488651206506345,12.609394209222074,-0.06599159175583509,0,0,0
5.592761610881638,-0.001981487208473709,5.381794663249536,-0.05243130875612678,12.655352881394379,-0.007471091881609482,0,0,0
5.59437355179206,-0.0005840686303457687,5.187051501357985,-0.10261960228300211,12.79998822972317,0.04545537243338345,0,0,0
5.595619230840569,0.000397251645392771,4.914472672534657,-0.14000280659582245,13.024847699229213,0.08505475383793168,0,0,0
5.596642630067507,0.0008500244086491193,4.595987525576845,-0.15878402740663944,13.296341323510887,0.10503670012092528,0,0,0
5.597739786485576,0.0007182615290929562,4.2768392723401405,-0.15600548220606783,13.567784378800837,0.10199775414220369,0,0,0
5.599004377529084,-4.255540613939957e-06,4.009434019918672,-0.13231540418659193,13.78529651945422,0.07630976363997774,0,0,0
5.6000566904208,-0.0012862616454839327,3.8432043032054537,-0.09190553438332927,13.897606686930118,0.03212504480783309,0,0,0
5.599966076808968,-0.0030729618734469,3.8123960998294137,-0.041529225500499936,13.86815633926446,-0.02360239290030961,0,0,0
5.597413249722834,-0.005303467411188478,3.9252786549268137,0.01119041460405299,13.686173256748816,-0.08284618616627881,0,0,0
5.591047731116603,-0.007927053927407713,4.158912546824496,0.05964326183354274,13.372491845621852,-0.13844326202788296,0,0,0
5.579898994426799,-0.010902667478674744,4.462739319416244,0.09965715031445085,12.97660332947271,-0.18557709600347608,0,0,0
5.563643933057591,-0.014169704986218789,4.771759246352985,0.12998680941543056,12.563964300720073,-0.22232651429300176,0,0,0
5.542584556728684,-0.01760060491597528,5.026376818575187,0.15178080382184334,12.196385837566424,-0.24918980342341399,0,0,0
5.51737209079343,-0.020965995518997714,5.192420143912273,0.167345075583529,11.911908703232058,-0.267902981256816,0,0,0
5.488713111698829,-0.023940730835700207,5.273410775484649,0.17877114647298384,11.712013418766077,-0.2801219488296141,0,0,0
5.457307327666896,-0.02615799508072314,5.3093021140729775,0.1870143741674326,11.562031376524203,-0.2865455232846017,0,0,0
5.424050641261047,-0.02729374468813006,5.361012341423887,0.19175331307269658,11.405708652695978,-0.286797310526029,0,0,0
5.390306121618991,-0.027145899442305676,5.485846855664704,0.19190607954657538,11.189126526696299,-0.2799433203338708,0,0,0
5.358005941365832,-0.025674068295613493,5.712990119656652,0.18630965812949823,10.884953768452675,-0.2651664227376983,0,0,0
5.329467780309372,-0.02299284005040505,6.029056288498822,0.17409191037968838,10.507036612775835,-0.24213555536086345,0,0,0
5.306961547545498,-0.019344786088936416,6.3802724501432095,0.15465829084414223,10.108630224212419,-0.2109817886859986,0,0,0
5.292184938634534,-0.015083674218124088,6.690820041818739,0.12760927628893057,9.764531097381365,-0.17217994569590758,0,0,0
5.285843873772549,-0.010667911029388221,6.88947339987017,0.09297211485508824,9.544721610189441,-0.12670621051169348,0,0,0
5.287443690289379,-0.006633240161578157,6.933339247709156,0.051850531756728914,9.490553149623423,-0.07656956380716906,0,0,0
5.295265250809464,-0.0035168246386220402,6.8199936839260715,0.0071810895088816554,9.60219553190609,-0.025417718066103136,0,0,0
5.3064705854856555,-0.0017398093271452808,6.585394876962283,-0.03598593256903513,9.840231919565127,0.021321548289006387,0,0,0
5.317371530967165,-0.0014917266088005476,6.2907334899747696,-0.07115759676854054,10.138646547579043,0.05718140248434622,0,0,0
5.32397372000321,-0.002669787427188908,6.004352173231993,-0.09199759049955958,10.423430888624608,0.07622365839490612,0,0,0
5.3228376949796115,-0.004902271925028856,5.784801014745469,-0.09425078682670432,10.630776587791644,0.0748487610925764,0,0,0
5.312069687037919,-0.007642992681536498,5.669196962808471,-0.07716583326561022,10.720252095665899,0.05307263823477513,0,0,0
5.292044281457493,-0.010291224117558784,5.668696482457804,-0.04386312222096507,10.680444249055881,0.014770856645003504,0,0,0
5.265487064362645,-0.012291857231883797,5.770844136823143,-0.0006106359968214292,10.526767681330426,-0.033113513090694366,0,0,0
5.236821154522261,-0.013201648554891676,5.9469655316031265,0.04464005287433252,10.293209221115205,-0.08204202624800985,0,0,0
5.211013763474014,-0.012738886296291696,6.161680915053054,0.08399145002841948,10.021279531971174,-0.12359839183807822,0,0,0
5.192353009633877,-0.010833890818084058,6.381362461716421,0.11120604662042126,9.749904098356126,-0.15109846126391346,0,0,0
5.183552013166818,-0.007666344034693395,6.579288516994069,0.12285598305518164,9.509096788658184,-0.16080130265548007,0,0,0
5.185355045418248,-0.0036483159270019883,6.737134018718095,0.11876406602140292,9.318226285098945,-0.15245167373126095,0,0,0
5.196584857040293,0.0006738611863440269,6.844266673516188,0.10162493966687407,9.187446970243826,-0.12898796710506702,0,0,0
5.214498786798771,0.004774952344672556,6.896861480949681,0.07593702983896548,9.11979197515251,-0.09549608497297016,0,0,0
5.235406246690985,0.008296870936050027,6.897756793360287,0.046622325873316585,9.112239069111098,-0.05776814958975649,0,0,0
5.255561122187473,0.011120645850779454,6.856337142671833,0.017816433240177787,9.155927511743272,-0.020958075738147387,0,0,0
5.2722256762260855,0.01334290713504629,6.787093533491884,-0.0078005676800017906,9.236888010279756,0.011268747009395952,0,0,0
5.284570677968986,0.015189455614913073,6.706335829992781,-0.02904568771227787,9.338248371385504,0.036957639675185304,0,0,0
5.293982472834514,0.01692643338772797,6.62790417378622,-0.0458590839937358,9.44359803607361,0.055609199513830275,0,0,0
5.303559468141671,0.018811569442522113,6.559526794118199,-0.0588509136374725,9.540323340974652,0.0677435731622353,0,0,0
5.3169810845172805,0.02107902180631811,6.501282840194051,-0.06898303640572152,9.621784258752143,0.07451495097816974,0,0,0
5.337249601567379,0.02391529448561016,6.446677141595316,-0.07736515273250291,9.687802681850798,0.07741324341030804,0,0,0
5.365849190917572,0.02739629114202984,6.38567583357883,-0.08501985989929181,9.743538965382129,0.07795950294479895,0,0,0
5.402614481223992,0.03140668727908178,6.308352344574956,-0.09254346804083013,9.797227706774862,0.07733996670248473,0,0,0
5.446196464754166,0.03559994789603138,6.207926429303072,-0.09975317207238277,9.857388578892795,0.07605447104990333,0,0,0
5.494714067043574,0.039439970838228075,6.082685615346804,-0.10551077657993062,9.930059945846352,0.0737315326718857,0,0,0
5.546188587646384,0.04231216370571929,5.936894934498966,-0.10787968975966607,10.016483039727746,0.06922438730217947,0,0,0
5.598637550759804,0.0436545195248371,5.78090114958448,-0.10462851728236444,10.111648038410351,0.060990564083670054,0,0,0
5.649981951794828,0.04306100243180566,5.630372453062392,-0.09392020021656293,10.204142746572643,0.04763529327350398,0,0,0
5.697959176523952,0.0403352071816343,5.5044190283188925,-0.07492777391234284,10.277638667693509,0.028423184274893744,0,0,0
5.740102721574473,0.035501513411436744,5.42248594259739,-0.04816562786866996,10.314028131773938,0.0035848338657046954,0,0,0
5.77379479681575,0.028798417190492386,5.400391968771672,-0.015478136720361135,10.297708322687498,-0.025638530848601702,0,0,0
5.796459215235629,0.020670193726857633,5.446473831413201,0.020236598270280126,10.219891898117169,-0.057149262594771245,0,0,0
5.805966553040335,0.011743642321057735,5.559074605451528,0.05545735441181989,10.0814595495238,-0.0882546590290815,0,0,0
5.801211598868534,0.0027605998497335802,5.726270150616372,0.0865542170001035,9.893236917549842,-0.1159966550193019,0,0,0
5.782698238948498,-0.005538792707817208,5.927904248143193,0.11033567559684769,9.673674637360335,-0.13755038900151817,0,0,0
5.75289052491496,-0.012543296583135088,6.139260917201767,0.12454192965937665,9.444990413780033,-0.15066336471751357,0,0,0
5.716073973970381,-0.017853529331053154,6.335474693702679,0.12816905588735636,9.229101448119536,-0.15405033994034056,0,0,0
5.677587950292164,-0.02129327538344512,6.4959146230634275,0.12154944596782968,9.044176196379624,-0.14763855598360182,0,0,0
5.64257124944578,-0.022864535501041415,6.6077757842873694,0.1062019449749542,8.902134777678327,-0.13258990231099688,0,0,0
5.614669755743122,-0.022688045572472504,6.667905239191157,0.08452609770456262,8.807394484598802,-0.1110896102234932,0,0,0
5.595259503505218,-0.02096869296517383,6.682082527645235,0.05941621204881784,8.757204923284093,-0.08595526158021585,0,0,0
5.583526461401178,-0.017996126190359972,6.6619682910914975,0.03384168698735692,8.74350633828115,-0.0601559443739319,0,0,0
5.577321198029921,-0.014151784988877125,6.62109405520107,0.010418365969374576,8.75556052641383,-0.036327578280477724,0,0,0
5.574331143143809,-0.009878498105227607,6.5715311276619985,-0.00899645268133895,8.78234081531491,-0.016352658313547864,0,0,0
5.57301130929676,-0.005599180658143155,6.522066368631371,-0.02360651576115629,8.814122021558177,-0.0010796997432407807,0,0,0
5.5729292630113605,-0.0016222238750486894,6.477677787075336,-0.0337497239284815,8.843430970040714,0.009721762460077343,0,0,0
5.57455612408161,0.0019078289991696807,6.439658353396425,-0.04065284235626478,8.865825665314759,0.01711213466819004,0,0,0
5.578802969239888,0.00498517461168575,6.405950096250038,-0.045934458330864916,8.880649613244145,0.02251075824689508,0,0,0
5.586579442864348,0.007664524035074294,6.371710626675807,-0.051076719272472815,8.89133778024592,0.02720977303515042,0,0,0
5.5984475169926355,0.00997805642866183,6.330407999906342,-0.05707674827044684,8.904612109199576,0.03207847709777525,0,0,0
5.614337793496915,0.011883645579223412,6.2755541040825875,-0.06431824385826986,8.928326269965993,0.03750337349115398,0,0,0
5.633378207518035,0.013250313050205876,6.202623707782848,-0.07254844605846245,8.968613920750101,0.04342938463406938,0,0,0
5.653966438380664,0.01386799037706794,6.110326862476342,-0.080847138028129,9.027658256765335,0.049334872339258595,0,0,0
5.674111707430427,0.01347217444362343,6.00076364495753,-0.08760126535436115,9.103125586292663,0.05411705717592099,0,0,0
5.691847765088994,0.011790593066712063,5.878883930048673,-0.0906199096957522,9.189155756469717,0.05605534988231966,0,0,0
5.705432393513419,0.008625771562104489,5.752193326490712,-0.08753979656202801,9.277724816381408,0.05308617134452902,0,0,0
5.71323602785229,0.0039662034490064,5.631186973115135,-0.07655095538473375,9.359174388707345,0.04348399196894661,0,0,0
5.713524713676122,-0.0019181063150497835,5.5299374427064265,-0.05725500515646616,9.421820185003355,0.026765154050633556,0,0,0
5.704485373531469,-0.008454400896130209,5.465511529718285,-0.03128437937668878,9.451891279069116,0.00439505855900677,0,0,0
5.68470523261368,-0.014848028167381244,5.455010034286062,-0.002323567652099712,9.435473822644866,-0.020124190680294873,0,0,0
5.653999827986979,-0.02023844261871801,5.51004455023525,0.02457885225152836,9.363166189655459,-0.04193623038189287,0,0,0
5.614197144367537,-0.023870132199122908,5.630073656218187,0.044193713027365786,9.236265461256437,-0.05605447141257969,0,0,0
5.569422429419362,-0.025227973200954067,5.797483068709454,0.05238238670042108,9.071608842355403,-0.058661525174017015,0,0,0
5.525631425756615,-0.02411834037724958,5.977527968436533,0.04705978060024592,8.901883679489714,-0.048040499511623126,0,0,0
5.489463338901814,-0.020699282416694588,6.124672452563956,0.0286091545061808,8.769793452650788,-0.02490798097244067,0,0,0
5.46673107152219,-0.015465718870410683,6.19413045676437,-0.0002847087887474231,8.717180102255611,0.00782749090192567,0,0,0
5.460956295842749,-0.00918819573797407,6.1550108401193455,-0.03523966126728055,8.772559136967175,0.04568566927170252,0,0,0
5.472341309903626,-0.0027994294828346256,6.000535248708886,-0.07100261784103878,8.941415189887124,0.08339291020624842,0,0,0
5.497492549364523,0.002767209854945918,5.751603074780093,-0.10234155858385349,9.20281146934471,0.1157005437577027,0,0,0
5.530048043909574,0.0067603668688093425,5.4521629463985875,-0.1249380798101896,9.513748731664123,0.13823215642470643,0,0,0
5.5621178706072385,0.008768162556198434,5.157647937562444,-0.136210471401985,9.820022882372484,0.14832382452991624,0,0,0
5.586202849539191,0.008801613703411704,4.920047477807799,-0.1358891464904488,10.070194563318921,0.14566857176780842,0,0,0
5.597094527968821,0.0072716938714890485,4.774067482870919,-0.1260924518659877,10.22861427993243,0.13246230687500143,0,0,0
5.593235094444708,0.004859853222137644,4.728147170334637,-0.11075036166095202,10.284205243736778,0.11284648653693238,0,0,0
5.577144964463798,0.002320827517409896,4.7625677385441065,-0.09449176251447114,10.25303169794995,0.09175368048380221,0,0,0
5.554747208556307,0.0002841569415522827,4.835238991859882,-0.08138339721675862,10.173865819933695,0.07358673577466845,0,0,0
5.533673234557639,-0.000881996167376542,4.8940863214594685,-0.0739824671546188,10.09718220571719,0.061251321619775465,0,0,0
5.520939842125003,-0.0011147453230634595,4.893031632099365,-0.0729700691185144,10.069880055256448,0.05582745262271942,0,0,0
5.520700824538622,-0.0006189879485276606,4.806685449635381,-0.07730960718814969,10.120348274182732,0.05677998563772633,0,0,0
5.532889613325096,0.00021852355840223936,4.638328974231001,-0.08467017651612707,10.249616089410807,0.06237526280756356,0,0,0
5.553297908933473,0.00093329906616475,4.417823266016256,-0.0919053054791874,10.432536098570239,0.0700557919524158,0,0,0
5.5750553963085565,0.001089581348082902,4.190346786622655,-0.09558399472507233,10.628469089546115,0.07680079181749022,0,0,0
5.590904648483544,0.0003830728546247997,4.000971410989422,-0.09269803475329183,10.796414136309693,0.07967495570620713,0,0,0
5.59542033002873,-0.0012695596326210534,3.8814454051733662,-0.0815591667234088,10.907957871812414,0.07664973502086525,0,0,0
5.586477955125446,-0.0036773399042772325,3.8435146837522325,-0.06262006397049617,10.953589617474108,0.06745386026110509,0,0,0
5.565643022037136,-0.006390508557471719,3.8793990446091584,-0.03876376087564211,10.941873738108598,0.053971634970645256,0,0,0
5.537503963103887,-0.008805346869412745,3.96710597392655,-0.014738441566112214,10.89393176277926,0.03981833171748121,0,0,0
5.508244245798792,-0.010338367668130389,4.0774399648652775,0.00416218447874428,10.8363774054651,0.029157197483749543,0,0,0
5.48392742549585,-0.010605735422429064,4.1804848099304195,0.013656456911169812,10.794886876793782,0.02526911830843801,0,0,0
5.468984527750379,-0.009534881460798773,4.25069136547458,0.011648101286209567,10.78933243911726,0.029508514306303368,0,0,0
5.465244440239346,-0.007370492940356144,4.270438850355134,-0.0013604340529525416,10.830719415745051,0.04101584134616587,0,0,0
5.471671719627253,-0.004585395661409563,4.231968631410098,-0.02260971754381842,10.92004106438361,0.057146525242677625,0,0,0
5.484847294259254,-0.0017389690847750216,4.13753598010112,-0.04790926695392557,11.049105319394073,0.07430681247052746,0,0,0
5.500071515420743,0.0006645855522492639,3.997926418035462,-0.07262025024132583,11.203043014875448,0.08886218974730013,0,0,0
5.512773025721884,0.0022777584699895216,3.829910343222707,-0.09255782653407038,11.363748030935767,0.09790653568537948,0,0,0
5.519789065423041,0.002958422090057411,3.653301869170974,-0.10469143569483493,11.513338990535374,0.09979730364711373,0,0,0
5.520114272256137,0.0027759939526561086,3.4880133043872945,-0.10757668645384229,11.636999887484535,0.0944027918618076,0,0,0
5.514890101321285,0.001985759913740992,3.351237462452019,-0.10145680211527122,11.724999302938102,0.0830119547288092,0,0,0
5.506705010195745,0.0009703473563945408,3.2549065445897156,-0.08800586796500057,11.773952233647577,0.06790659500843503,0,0,0
5.498568748650953,0.0001481178969882535,3.203777008526231,-0.0697892546023752,11.787305475588397,0.05170954503228131,0,0,0
5.493004379765907,-0.0001352002383157469,3.1946719858167114,-0.04961382813926889,11.774747334363127,0.036717616185356405,0,0,0
5.4915293187646625,0.00029786220547833864,3.2174006102573856,-0.02994055913256659,11.750160611671703,0.02441162105988326,0,0,0
5.494550767823199,0.001401756259976139,3.2574773004511144,-0.012458402705669868,11.728171269478423,0.015226946544902375,0,0,0
5.501552694390625,0.0029121620871592315,3.30003387201171,0.0021355805018231423,11.72013846519826,0.008572268038335551,0,0,0
5.511421023338727,0.004413929289179918,3.333772061830018,0.014115932482650351,11.730924192789331,0.0030590390489805943,0,0,0
5.522767687477824,0.005459013201929963,3.3538962778453083,0.02445481621450938,11.757455201134206,-0.0030835911907530545,0,0,0
5.5341318348558985,0.0057009314950690285,3.363429277330596,0.03433293222450402,11.789269352933559,-0.01144150664985375,0,0,0
5.544011722192877,0.005001035820643551,3.3725932674702506,0.04453588334190215,11.810721983321457,-0.022782788621236706,0,0,0
5.550844303087544,0.0034665692382432668,3.396065869416219,0.05490340577764528,11.804542624137383,-0.036536875055816154,0,0,0
5.553158880670253,0.001403985822153686,3.4483251706713247,0.06405659322505244,11.756469563680866,-0.05063161571069656,0,0,0
5.550013694716597,-0.000791800853394875,3.5380013080617516,0.06959768105594151,11.66033226786459,-0.06187698937831385,0,0,0
5.541539676971098,-0.002761106852064188,3.662759443676407,0.06879885540077738,11.522332725459336,-0.06685885094682362,0,0,0
5.529216460205632,-0.004263794741349613,3.806511358227567,0.05955752138610535,11.362802518920262,-0.06303511424878253,0,0,0
5.515592552612162,-0.005202037540959737,3.9405998042622343,0.041265495969545894,11.213822308091295,-0.04961822030457767,0,0,0
5.503503014804778,-0.005599690624464415,4.029748872389433,0.015291431790103616,11.112154299006193,-0.027958489758768225,0,0,0
5.495156618957182,-0.005577503738979317,4.041884831853082,-0.015057594686808784,11.08886669166597,-0.001386150139376241,0,0,0
5.491493887442402,-0.0053499101509018486,3.9590044911916493,-0.045048199743450826,11.158918210445734,0.025348542083381175,0,0,0
5.49199134678328,-0.005235223532832833,3.7852482271657095,-0.0693309346337088,11.31453978027568,0.04684745163390573,0,0,0
5.4948473968429,-0.005646821338388008,3.5489801873172553,-0.08284286315061706,11.524957726549701,0.057911853566605484,0,0,0
5.49738384328046,-0.007037250037423348,3.297749223803237,-0.08166682234650295,11.742608062287104,0.05441023878748865,0,0,0
5.4965145932075785,-0.009794904401456962,3.0875193106272434,-0.06379891707965726,11.913817688698401,0.034135819558215985,0,0,0
5.48918744164277,-0.014121756130690244,2.969450097339319,-0.029767114490104517,11.990807241798393,-0.0024620408281606386,0,0,0
5.472748246821752,-0.01993306466824265,2.9780827267213965,0.017069094871118295,11.941921054586317,-0.05192355006975617,0,0,0
5.445220052237929,-0.026814537725636002,3.123931580797205,0.07078520425605177,11.757924695966182,-0.10808524501825331,0,0,0
5.4055539707902085,-0.03405469618229802,3.3917597015928607,0.12385948152588355,11.453512494588352,-0.16315136728984783,0,0,0
5.35393905765028,-0.040748491587626744,3.744213686952037,0.1686899214223189,11.064246283384364,-0.2093109828984808,0,0,0
5.292163240759976,-0.04595090513980864,4.129695439902832,0.1992391505386138,10.639682709748172,-0.24043110583512828,0,0,0
5.22384596952692,-0.048847014670636214,4.493100269726227,0.21232259973471343,10.233687330093147,-0.2533363219026086,0,0,0
5.15430043501992,-0.04889823935009474,4.787575002576091,0.20821522776087137,9.893444053651223,-0.24837530644658443,0,0,0
5.089898927404192,-0.04593292697832681,4.984648438026426,0.1905065108318354,9.649498233302296,-0.2292309954425093,0,0,0
5.037005541809492,-0.04017445752726303,5.079910816013381,0.16533785284669306,9.509506630347119,-0.20212076780047142,0,0,0
5.000717294936408,-0.032219814372469104,5.092676094686453,0.14023953688188442,9.457444022772307,-0.17460371258063107,0,0,0
4.983765853320804,-0.022977494830112733,5.06023500433011,0.12276325631523691,9.458167990120472,-0.15419340171060014,0,0,0
4.9858907824546606,-0.013560093233485305,5.028996689115559,0.11906900317242161,9.465614741541089,-0.14694856041989796,0,0,0
5.003809395517578,-0.005130414751322121,5.045138230059791,0.13266163082841587,9.432304816583638,-0.15625203003300214,0,0,0
5.031740913925589,0.0012810770800783188,5.146609055770881,0.16356663914346542,9.318209157578053,-0.18206527549425006,0,0,0
5.062388292458849,0.004954992014008041,5.357328003055201,0.208249917579505,9.09774869264217,-0.22093518251712965,0,0,0
5.088245037192067,0.005618182682844974,5.683790301450443,0.2604091845223152,8.764201725894168,-0.26683627372545116,0,0,0
5.1029962875066985,0.003493235472636513,6.1141913108602495,0.31244619301543963,8.330923753321201,-0.3126181439114447,0,0,0
5.1027096982049756,-0.0007635134126786625,6.62031482946108,0.3571523520371514,7.828845478359796,-0.35158273113367783,0,0,0
5.0865554619495725,-0.006220683325496168,7.162409991808431,0.3890727389717,7.300154805175822,-0.37869573535281803,0,0,0
5.056899121764857,-0.011873344981195544,7.696767939909606,0.40518790436867536,6.7890812855177955,-0.39115049205651076,0,0,0
5.018698208047169,-0.01682396641796231,8.184696934484506,0.40486501260636204,6.331986551006025,-0.388312587611901,0,0,0
4.978255648327874,-0.020399916456602794,8.600520209487073,0.3893118224059961,5.94978743020431,-0.371290233680142,0,0,0
4.9416025622626165,-0.02219669941000433,8.935865619776791,0.3608815762994169,5.645347463055458,-0.34239452824573957,0,0,0
4.913007464113633,-0.022064631125454072,9.198488099457634,0.32249187509762434,5.406704237012946,-0.30462515735552814,0,0,0
4.8941486282792255,-0.020071589504105702,9.405978129118822,0.27722457661073463,5.2146228165231605,-0.26118136963575295,0,0,0
4.884245872626039,-0.016468139089575118,9.576908525510405,0.2280167106458478,5.051299389092748,-0.21496362101021305,0,0,0
4.881029293406655,-0.01165779250215877,9.723007073854419,0.17734578344532964,4.906978470863805,-0.1681082534281643,0,0,0
4.882063386950435,-0.006154086146939619,9.845233580437323,0.12694410150703134,4.782593904804514,-0.12170647396135621,0,0,0
4.8858395669085155,-0.0005060812582954099,9.934655757915777,0.0777050460042176,4.6883411088182925,-0.07587978140489327,0,0,0
4.892217730869106,0.004804602396106361,9.976935046368084,0.02991575200233996,4.639445075415665,-0.03024327982040518,0,0,0
4.902120283025582,0.009464768096871978,9.958154768937803,-0.016248601680197795,4.6509040167243825,0.015447051544450119,0,0,0
4.916714786858478,0.01338602229228627,9.869961224557386,-0.0602450045778042,4.732722690590748,0.060807221496747846,0,0,0
4.936541749679662,0.016688898277925544,9.712916079818967,-0.10100109658764041,4.886549649006525,0.10474727711834078,0,0,0
4.961053488074697,0.019618882128129657,9.497645619481034,-0.13716759200673606,5.104271438808894,0.14578233884825237,0,0,0
4.988796309247945,0.022425479498211588,9.243492112316844,-0.16758712744484824,5.369093331967662,0.18247786440211372,0,0,0
5.018106095548902,0.02524913475887871,8.974458479732363,-0.19163916480952992,5.659371604060226,0.2137424221918593,0,0,0
5.047918276185911,0.028062377833391848,8.712996107978014,-0.20924879128302223,5.954451242047213,0.2388521648870096,0,0,0
5.078252208231731,0.030694030199420297,8.473557660369963,-0.2206391701824188,6.240417293287038,0.2573187449144399,0,0,0
5.110094361890631,0.032925492571824574,8.258784483467295,-0.22611103741566296,6.51311975283943,0.26881963262605096,0,0,0
5.144709078457893,0.03460733769650517,8.060543398272785,-0.2260743322506258,6.776869297334258,0.27331589137671986,0,0,0
5.1827440613595,0.035732848665684006,7.86566685610758,-0.22129782065444772,7.039425665594479,0.2712720006148686,0,0,0
5.223655088852681,0.03642983912592257,7.663569522733198,-0.2131174449462961,7.305910139735147,0.2637595085646353,0,0,0
5.265796675397908,0.03687548841927537,7.451805705662338,-0.20335059015458654,7.574745975267035,0.2523006838091703,0,0,0
5.3071268650397485,0.03718131237808535,7.236902296974776,-0.19389307312260512,7.837430352576092,0.23852089352457995,0,0,0
5.346124795904785,0.03731872082873906,7.0305139057723665,-0.1862287997325538,8.081813338116348,0.2238292413184581,0,0,0
5.382404486808127,0.03713747317817706,6.843284030269402,-0.181148107624621,8.29696668970658,0.20930693729301594,0,0,0
5.416673160378664,0.036468186993079146,6.679490206432149,-0.17880552177466172,8.477458080138916,0.19580309599942894,0,0,0
5.450065332012585,0.03523857481703487,6.534626929143911,-0.17899369862803524,8.625626228532838,0.18407621642801644,0,0,0
5.483281570178022,0.033523098210831395,6.396496486141757,-0.18137266199558583,8.75141216602401,0.1748019494368606,0,0,0
5.516083810239664,0.03149534827057323,6.249062322026575,-0.18547796882271542,8.869938670264418,0.16840284019457386,0,0,0
5.547425931290292,0.02932264713525825,6.077611638360963,-0.19055926541386298,8.997456625588768,0.16483463284460526,0,0,0
5.576040837023029,0.027081455444442782,5.873632536452845,-0.19547352388286895,9.146672304015311,0.16353621479247238,0,0,0
5.601027657506222,0.02475084367894311,5.6380790857064795,-0.19882908128566043,9.322765469635641,0.16364679362913534,0,0,0
5.622080347745481,0.022275674453823058,5.382122608747622,-0.19937805154601448,9.52145875452183,0.16439758735849636,0,0,0
5.639351267257368,0.019637629709225734,5.124921251633737,-0.19645836548854448,9.7301596665624,0.16546199912076814,0,0,0
5.653219041252555,0.016878824357908682,4.888548791440712,-0.1902473458488103,9.932328837631303,0.167087480009846,0,0,0
5.6641815971680955,0.014077153477323634,4.691199393575545,-0.18171479894166112,10.11392601643027,0.16997805185434628,0,0,0
5.6728220765508155,0.01131650194815279,4.5408464136837665,-0.17233891637467877,10.269602102117801,0.17502723097980494,0,0,0
5.679657867270279,0.008691260002004242,4.431912831256312,-0.16374851174617647,10.406032157231692,0.18303669949513904,0,0,0
5.684872053818751,0.006345942956976103,4.3465888635384715,-0.157433177432587,10.540813470362878,0.1944994036488538,0,0,0
5.688197466063528,0.004511485315157415,4.260463648944352,-0.15455877949518423,10.697237144132231,0.20944263795315407,0,0,0
5.689205856504557,0.0034890417258196748,4.150243372706058,-0.15582656914918402,10.89694461381336,0.22728865001363374,0,0,0
5.6879402575262645,0.0035626729253550593,4.000593968244715,-0.16129907828064916,11.153132464587031,0.24672421001644979,0,0,0
5.685539777315242,0.00487682954788653,3.807790834421752,-0.17020184005432099,11.466452791010369,0.2656445030908003,0,0,0
5.684466120408942,0.007349249359185706,3.579333456681894,-0.18082477694644297,11.824586046093941,0.2812800506232037,0,0,0
5.688109458510752,0.010672375674771218,3.330283099948872,-0.19067948579579194,12.20521533776764,0.29057440794215383,0,0,0
5.699808326421646,0.01439935900074545,3.078208610769053,-0.19697238913639978,12.581168116594768,0.2907698774433868,0,0,0
5.721590372029681,0.018059193216281244,2.8388280131405565,-0.19728698708233594,12.926047133025804,0.28004670301563694,0,0,0
5.753150360862136,0.02123606258500956,2.6236650617918826,-0.19023323898051955,13.21883266346373,0.25801104548856413,0,0,0
5.791595810566463,0.023583670686595327,2.439794005580552,-0.1757975354742655,13.446557549784416,0.22586239427267288,0,0,0
5.832191056070982,0.02479832203620873,2.2907397575803543,-0.15524121347427808,13.604935918566099,0.18617991816454377,0,0,0
5.86979778866737,0.024604892828202198,2.1773735018826983,-0.13060621492036545,13.69741164396973,0.14240850634661512,0,0,0
5.90030088337636,0.0227951162484743,2.0982615784395193,-0.10407702270443622,13.733242919472673,0.09823088502587325,0,0,0
5.921376484181195,0.019312772852435954,2.049815479679097,-0.07749521547216318,13.725076733737097,0.05702046748387772,0,0,0
5.932449340771029,0.014341241788213211,2.0269213219391133,-0.052198309692610675,13.686385227739379,0.021483963433090024,0,0,0
5.934158386792774,0.008337726820916203,2.0242209507452174,-0.02914681134613204,13.629300401233792,-0.006507267245751791,0,0,0
5.927759488906389,0.001977162026150836,2.037438383724691,-0.009143607982284151,13.5634769668535,-0.02596343154298495,0,0,0
5.91471810055404,-0.003988678608041596,2.0638758584189247,0.007067929341425838,13.496251807864581,-0.036761627563433305,0,0,0
5.8965627787442685,-0.008903735891523467,2.101681964865776,0.01890916733189272,13.43367229779463,-0.03957813264973424,0,0,0
5.874973078775625,-0.012340111744561,2.1483258921192316,0.02617705465015945,13.381484877326898,-0.03573163430740749,0,0,0
5.851962676332491,-0.01414703561740822,2.199303677757513,0.029178913918838135,13.34530160313625,-0.026920573836164863,0,0,0
5.829911002586954,-0.014423573852324978,2.2480527952969567,0.028675904763377957,13.329795368335397,-0.014908864928807474,0,0,0
5.8112635244611255,-0.0134525873073855,2.2873532517584465,0.025659504397154365,13.33746159297533,-0.0012661810090747849,0,0,0
5.797975366735585,-0.011630300907350488,2.3115860261806915,0.02108843120208803,13.367760390663022,0.01275130674542595,0,0,0
5.790978984596947,-0.009408777890766374,2.3187104611274947,0.015731567198093897,13.41717948937773,0.026165391055673125,0,0,0
5.789922648269524,-0.007253169936856807,2.310979998378997,0.010197081962385824,13.480211751945717,0.03813840213875892,0,0,0
5.793233615832534,-0.0056017617218955705,2.2940334276962346,0.005101814539531802,13.550815156762752,0.04782818441018435,0,0,0
5.7984150914805355,-0.004811058474921026,2.274760170439805,0.0012139537274094892,13.623764875318841,0.054346755157030205,0,0,0
5.802474999836605,-0.0050839766013211826,2.258997636846715,-0.0006156073374711468,13.69532620835136,0.05690527470486302,0,0,0
5.802441379407057,-0.006408043148998388,2.25029671174309,0.0002083252427780735,13.762868898714487,0.0551351103574234,0,0,0
5.795945059113535,-0.008540470603082894,2.250321823152831,0.0035513274764582548,13.823583447238093,0.04945621602337837,0,0,0
5.781800417837744,-0.011054120130059176,2.2601923325710516,0.008200738490444337,13.873262919905699,0.04129696481620897,0,0,0
5.760423758447914,-0.013427381616541823,2.281197178383735,0.011885311965880874,13.90651434002396,0.03300274391256153,0,0,0
5.733894935245601,-0.015148527683037117,2.3136692786084723,0.011753257379135107,13.919111494237256,0.02739411216956853,0,0,0
5.705574278566118,-0.01580694762680963,2.3542237358920772,0.005179027964027227,13.911741649611514,0.027097011009982453,0,0,0
5.679381446968932,-0.015148057523059321,2.3929873832834403,-0.009408645365476786,13.893181400107807,0.033889313813998,0,0,0
5.658959799667116,-0.013082396152806552,2.4128865473550434,-0.032007039745465704,13.880842595888367,0.04830578919696791,0,0,0
5.646929814650164,-0.009664232123706994,2.392292744231156,-0.060996873834901065,13.897705997014526,0.06959756225056993,0,0,0
5.644405523568508,-0.005066843314511971,2.310787916486987,-0.09351317958819153,13.966296318451185,0.09595608521409246,0,0,0
5.650960804176464,0.0004359476037095078,2.156210258088322,-0.12602296482734515,14.101762036854467,0.12483481114988422,0,0,0
5.66512109758547,0.006496541350959717,1.9302514256981738,-0.15491746050615518,14.306641339207772,0.15327303641675769,0,0,0
5.685158096600674,0.012742160449768392,1.650223594222041,-0.177030575719877,14.569238542411398,0.1782390044960181,0,0,0
5.709755325302794,0.018835460754708322,1.3460653825018198,-0.19007352864049665,14.866075192164885,0.19703787239454584,0,0,0
5.738254411282696,0.024518437402430492,1.0534396303350206,-0.19297468740586793,15.167459605736099,0.20775571953677457,0,0,0
5.770539692075715,0.02961169951351934,0.8050491308305254,-0.18606452502745868,15.444472013779091,0.20961489937736816,0,0,0
5.806803051466616,0.033962315751074355,0.6226816260846704,-0.17101798882897015,15.675571445067987,0.20309194262234484,0,0,0
5.847314407214199,0.03737025356947896,0.5121512609500769,-0.1505158656507149,15.851221319833826,0.18973514437440145,0,0,0
5.892114188674469,0.03955474187566068,0.4625458701724767,-0.12770666121550675,15.975263192382272,0.17177010034673684,0,0,0
5.940522518703702,0.04021237303441296,0.4501426662124004,-0.10565323624096834,16.062445312224867,0.1516839196070066,0,0,0
5.990583961687207,0.03915830197272356,0.44603036979862054,-0.08693122249032399,16.132681463077915,0.1319357712698917,0,0,0
6.038823633280259,0.036470760676216685,0.4250927691910249,-0.0734101512905994,16.203992782951786,0.1147812405792962,0,0,0
6.08070551535728,0.03253841637588124,0.37315698206697334,-0.06612246080723878,16.286939545878766,0.10207633488761587,0,0,0
6.111879055646924,0.02796601176125648,0.28953302009213644,-0.06513751094764189,16.38291438823495,0.09497818534502186,0,0,0
6.129837431009932,0.02338764135189564,0.18412740543178074,-0.06948994900483854,16.486817318435016,0.09364338069191262,0,0,0
6.135247298837882,0.01929327126793794,0.07094761792453141,-0.07731894217797616,16.592284419572053,0.09715578975367123,0,0,0
6.132187215225429,0.015948148786418415,-0.03854298198771744,-0.0863307120669731,16.696334793944146,0.10384561415828557,0,0,0
6.126974524826764,0.013404580649509511,-0.13922384852634195,-0.0945017005375405,16.801003173284045,0.11191757610104106,0,0,0
6.125990602193426,0.011542082493060945,-0.23235361987590863,-0.10072087516670933,16.911696999301398,0.12006813768868767,0,0,0
6.133455231383081,0.010074274600367517,-0.3230467555673613,-0.10500616088572201,17.03400320976158,0.1277290347705616,0,0,0
6.150065449551391,0.008520419820118263,-0.4172767508711104,-0.10811801124944224,17.17113760466077,0.1347794116942964,0,0,0
6.172869439775354,0.00620291645947475,-0.5199242361843801,-0.11073452157902182,17.323168543962197,0.14089140213155532,0,0,0
6.19612634028789,0.002343539537078243,-0.63405176960012,-0.11260913558828634,17.487620922765643,0.1448951962113881,0,0,0
6.212621801650599,-0.003725871201881148,-0.7605285887650837,-0.11213038327168193,17.660204735940567,0.14452817349037445,0,0,0
6.215041629211115,-0.012308022322480383,-0.8970527070626417,-0.10647590022559257,17.83461143537798,0.13670927571536992,0,0,0
6.19727646343263,-0.023155097963035588,-1.0363975978656867,-0.09227393118730447,18.001198440887606,0.11822243217673645,0,0,0
6.155622610596211,-0.03543899071021741,-1.1646343378705808,-0.06650201976057986,18.145286756058027,0.08654352396460752,0,0,0
6.0897158128079525,-0.047883967074098165,-1.2605276812431612,-0.027306449408314393,18.24628490818779,0.04053036052392826,0,0,0
6.002910378968622,-0.058999647708844805,-1.2971126221318343,0.025510893239695066,18.278789756455097,-0.019234160114126552,0,0,0
5.901904251752725,-0.06732930773080455,-1.245786067440406,0.09046326572224075,18.216227531528943,-0.09053938663951726,0,0,0
5.795675542449217,-0.07165418176115282,-1.082296948476909,0.16477467460222783,18.036572844306846,-0.17003112877728482,0,0,0
5.694029769034373,-0.07114407713587809,-0.792988730267524,0.24501210263081533,17.72847214920148,-0.2538832500582828,0,0,0
5.606129863199442,-0.06548277154713703,-0.37894283720316935,0.32765962910262375,17.295279321624378,-0.33837993193810123,0,0,0
5.539328724342553,-0.05499319636241751,0.14410406845732382,0.40934337779672775,16.754810869545395,-0.4201807046528643,0,0,0
5.4984998115995865,-0.04074082168139768,0.7506940389596366,0.48657449048988327,16.13430014760513,-0.49621426551265985,0,0,0
5.485835692073849,-0.0245445733511346,1.4137234284424665,0.5551647434995288,15.462365940304778,-0.5633720219712842,0,0,0
5.500794895124841,-0.008821214198121652,2.1119619531556566,0.609746677175852,14.761487436677015,-0.6183203859965744,0,0,0
5.539783849183777,0.0037605298439302715,2.832906096724116,0.6438938819461526,14.044477861659146,-0.6577100839358849,0,0,0
5.595502162154645,0.010762356964841046,3.5686322827669983,0.6510790513048861,13.316647101328499,-0.6788230840196376,0,0,0
5.656458518241379,0.010467826911447275,4.305861367554883,0.6262369331720379,12.582507311816101,-0.6803868315401331,0,0,0
5.707463400468001,0.002220634019296597,5.01516982328161,0.56729763644162,11.853368984341103,-0.6630991333501072,0,0,0
5.731635067473675,-0.013509160247812702,5.645950089194002,0.4759943360047373,11.15137130984263,-0.6295027884381028,0,0,0
5.713753432847852,-0.03532867195611544,6.131847675845691,0.3576055033823337,10.507048481428,-0.5832213352668816,0,0,0
5.644006993457026,-0.061268757815354034,6.406473400177703,0.21987857704113195,9.950942554144063,-0.5280069932128498,0,0,0
5.520706151792552,-0.08911444904747583,6.423670403375837,0.0718365602835405,9.50330881410406,-0.46725568927533345,0,0,0
5.350744089595722,-0.11663566068211537,6.1736667884898395,-0.07683789646028175,9.16733805592375,-0.40441487594924297,0,0,0
5.1475081755636865,-0.14173968540914786,5.688016986978994,-0.21567651644097338,8.929274084008199,-0.3441101728936843,0,0,0
4.927096271030237,-0.16261791511188334,5.031691867135436,-0.33312761378730327,8.764407929530648,-0.2931810651269046,0,0,0
4.704357671679887,-0.17793522004562873,4.286997885602403,-0.41704493151080013,8.644090208575165,-0.2605967614236221,0,0,0
4.490101911420226,-0.18704236313408273,3.5374824029520653,-0.4565798115987093,8.538358552323672,-0.25569480715058435,0,0,0
4.290066546376522,-0.19012607309516483,2.8584046588718763,-0.4451651475184633,8.41226725540426,-0.2851563662590422,0,0,0
4.105455916354842,-0.18818886383719188,2.3146739513209695,-0.38339047138254045,8.219560658573585,-0.34998096261859646,0,0,0
3.934401232391565,-0.18279426722448164,1.9613983607376895,-0.280350051632783,7.90108086719178,-0.44385830870531323,0,0,0
3.7735833621161987,-0.17561308416827473,1.8406752841906098,-0.1526540119034337,7.39399448263822,-0.5536850053568714,0,0,0
3.619445420840904,-0.167913377978779,1.9720189281912042,-0.021329732104382514,6.651745151513637,-0.6620056167746213,0,0,0
3.468855451223803,-0.1601865362203597,2.339762074664435,0.09231106800557427,5.667528429737786,-0.7504581670026085,0,0,0
3.31956550331887,-0.15206055431933976,2.884516470651164,0.17053627332065843,4.490690996955067,-0.8031800144808159,0,0,0
3.17096542934749,-0.14254186299402818,3.505151748101099,0.2018827994997224,3.227557875961935,-0.809480314089214,0,0,0
3.0252238918920966,-0.13050265705437453,4.073700564558578,0.1824071891311064,2.024034040828951,-0.7655329992428477,0,0,0
2.8882365492166286,-0.11523878915016184,4.460593083007808,0.1156586018834389,1.0337768822975875,-0.6750403367818819,0,0,0
2.7694610031831246,-0.09689233774421524,4.563767392078461,0.01157296031121291,0.3804671105961006,-0.5487310656621105,0,0,0
2.68003728641456,-0.0765821490844317,4.333501946318194,-0.11566123828370962,0.12475751768144505,-0.40247171856616715,0,0,0
2.6293746618478195,-0.05621237979407283,3.7854702520487535,-0.2507386617751024,0.24575087476330282,-0.25394198022064246,0,0,0
2.6211954706145804,-0.03807680053489833,2.997261303024999,-0.3811355700445375,0.6435911148194009,-0.1182209744062959,0,0,0
2.6505220433987517,-0.024445701021940637,2.0877485313033333,-0.5011832417522897,1.1644344948925323,-0.0030642946142847905,0,0,0
2.7030339603794857,-0.017256790491249775,1.1831496918273388,-0.615368882584329,1.642811244076114,0.09497912451867876,0,0,0
2.7574417053781417,-0.01789712651665809,0.3771298529001399,-0.7396684992107965,1.9512711947486423,0.1922448948221927,0,0,0
2.7901974239985066,-0.026991021842717088,-0.30620395234427633,-0.8998013337105476,2.045348131898976,0.31623288349219364,0,0,0
2.7807668816726903,-0.04415551542945906,-0.9381318529643181,-1.1259331565656907,1.9933910946861033,0.500057570231806,0,0,0
2.715668644304131,-0.06779202722995592,-1.6930957428354816,-1.444489481569755,1.983568127484375,0.7738506503590656,0,0,0
2.5904897380165437,-0.09506111082520334,-2.8329176000295035,-1.8689683127989867,2.3029160588180275,1.1551202210463913,0,0,0
2.410127067987389,-0.12218075854654842,-4.664511390787283,-2.3924283026729425,3.2870863526033816,1.6408172904205316,0,0,0
2.187819507553229,-0.14507857698348375,-7.473861313608154,-2.9842232026858766,5.246326577081362,2.203725942486693,0,0,0
1.9432751983150212,-0.16024930500621223,-11.447633512672553,-3.5923981882417393,8.382097618410057,2.7946066149033952,0,0,0
1.6999109351467183,-0.16552844240044068,-16.601934596686533,-4.151345215802346,12.715636705356445,3.34967666224629,0,0,0
1.4812263749140016,-0.1605051050691287,-22.741133334902088,-4.592721721550521,18.05098414828143,3.8014365929773435,0,0,0
1.3066559355433043,-0.14646802042405085,-29.465102173958627,-4.857018911619798,23.988530619615574,4.0902725372399305,0,0,0
1.1877043739363842,-0.12598321745668528,-36.23018583476167,-4.90351374744437,29.99141428093293,4.174601193843786,0,0,0
1.1254824576682836,-0.10230690829608591,-42.45158401098777,-4.717076719423946,35.490157717149,4.037981375384606,0,0,0
1.1106175936128437,-0.07881075404409614,-47.62031295834069,-4.3109748068783915,39.99793405725781,3.6922060628121742,0,0,0
1.1258095337760352,-0.058500861136334945,-51.403106716227484,-3.7253465581364082,43.20564143121733,3.175918604541889,0,0,0
1.1502948934205364,-0.04363394279901343,-53.699648865230984,-3.021543459865046,45.03309829104124,2.5488799870694123,0,0,0
1.1647504245923699,-0.03542747849652841,-54.644628507847614,-2.273086861270451,45.62614033092743,1.8826714848721338,0,0,0
1.1551676578740597,-0.03390656259308571,-54.55738158145647,-1.5545842967048116,45.3041582465318,1.2493058747105337,0,0,0
1.1149023237833688,-0.03795844790585505,-53.855400178050616,-0.9304966129932751,44.47482275077533,0.7098173309618658,0,0,0
1.0448869469238673,-0.04563048707231445,-52.95656793355255,-0.4459074374560146,43.53978401897555,0.305142715751893,0,0,0
0.9523811505780202,-0.05462574343053461,-52.19597078666314,-0.12116252723419621,42.81524546833691,0.05123380339245216,0,0,0
0.8486387480055271,-0.06286990024796069,-51.77602880180979,0.048603734033383715,42.484473028038266,-0.060659060426594635,0,0,0
0.7458979786097331,-0.0689793492211848,-51.756550140920524,0.08918662487720326,42.58833102676766,-0.058900503305959265,0,0,0
0.6543127228896992,-0.07247897819222829,-52.079387332900836,0.039481525689626554,43.04936121477674,0.016899306476632604,0,0,0
0.5795520994706891,-0.07371205397469253,-52.614731988569446,-0.05794215308469575,43.71797946514185,0.12536124513874397,0,0,0
0.5215958909409295,-0.07351992249036243,-53.213611524897146,-0.16560463447550547,44.426507686775295,0.23165892189199583,0,0,0
0.47495693238052183,-0.07286048256730879,-53.75276225907558,-0.2571830978266689,45.037135297867835,0.31286713047656034,0,0,0
0.4303778759517769,-0.0725180913976132,-54.1625663245602,-0.31970277365102506,45.473151311298125,0.3594590855055074,0,0,0
0.37778178403644347,-0.07296464051770783,-54.43482170889757,-0.351978186846776,45.72843520216277,0.3733017381924199,0,0,0
0.309687722020243,-0.07434742311944972,-54.6126142783076,-0.36060610759890893,45.85637323789551,0.3634956191337224,0,0,0
0.22377632490493227,-0.07654643839926933,-54.76780176492983,-0.35526731671779715,45.943916773102515,0.3417010833788453,0,0,0
0.12345783402939503,-0.07924793349794897,-54.97305653832004,-0.34477042674106995,46.07906388309334,0.31822220337000856,0,0,0
0.01625157343265471,-0.08200790927842405,-55.276332009388284,-0.33459274297164543,46.32134840869186,0.29951477681157856,0,0,0
-0.08916150830479808,-0.08431991587147677,-55.685448408889926,-0.32604590250008414,46.68431740611396,0.2872721272672479,0,0,0
-0.18591228452200426,-0.08571983596850145,-56.16740515574742,-0.31677492812843866,47.134990298930305,0.2788896088053903,0,0,0
-0.27088344403856013,-0.08592345886747807,-56.661315792307846,-0.3021385604192773,47.60872972047538,0.26893467913595825,0,0,0
-0.3451221604037187,-0.08493378132860271,-57.098689688792035,-0.27707520368351196,48.03228306598362,0.25123894106727535,0,0,0
-0.4128212827629909,-0.08304886131497682,-57.423025349561044,-0.2381158761163391,48.3458725839706,0.2212101279387113,0,0,0
-0.4794165756485711,-0.08076265771091187,-57.60257099018196,-0.18508720254771732,48.517331290216674,0.17780102345157758,0,0,0
-0.5495468666545378,-0.07861370007015438,-57.633999882500376,-0.12191879570364676,48.545720029255094,0.12445785354739484,0,0,0
-0.6255614883810949,-0.0770436567470469,-57.53855380176495,-0.056156191206386555,48.45630618377527,0.06861489626433723,0,0,0
-0.7070307791203732,-0.07629654204186806,-57.35421529948343,0.0027126108730584518,48.29116516248045,0.019870617921733925,0,0,0
-0.791375003676464,-0.0763642466215714,-57.12720403486546,0.04554374354654271,48.09935864320764,-0.01251080542688925,0,0,0
-0.8752985090063419,-0.07697847665695293,-56.90463636592639,0.06572406602928993,47.92889594158791,-0.02196827278771991,0,0,0
-0.9563488519924732,-0.0776491393558075,-56.72896706781128,0.06068364416170198,47.82113926157368,-0.006229164330584069,0,0,0
-1.0338488644572408,-0.07774719119695561,-56.63418968357726,0.03239340559618427,47.80743589969272,0.032262993117461745,0,0,0
-1.1087646266194326,-0.07662641571905197,-56.64325225332661,-0.013250845233037012,47.90717501171473,0.0871532960531752,0,0,0
-1.1826060493325201,-0.07376888201275449,-56.765784689268145,-0.06799068104836295,48.126189856093404,0.14997641708197307,0,0,0
-1.2559079692066462,-0.0689238899965389,-56.99573454856494,-0.12326483273571683,48.45503964691083,0.21240813679158776,0,0,0
-1.327018778624094,-0.062202324695314816,-57.31006582653853,-0.17211267796609492,48.86834996042971,0.26820922193947894,0,0,0
-1.3918256455716147,-0.054094962967228356,-57.67106225409532,-0.21026027563401045,49.32783914430702,0.3141331443158819,0,0,0
-1.444719599247918,-0.04540444886867192,-58.03412210996706,-0.2359932219715546,49.790929333300184,0.34942594541866046,0,0,0
-1.4806139036418529,-0.037111805384699895,-58.359852362222625,-0.2489063655237828,50.223440011123515,0.37413855696707543,0,0,0
-1.49732175595949,-0.03021972381933722,-58.62576314558734,-0.24810119196536107,50.6109881609827,0.3870130311000423,0,0,0
-1.4972984816647568,-0.0256067021033644,-58.83156982415139,-0.2306022467885839,50.962470704732496,0.38387591940097676,0,0,0
-1.48789335314396,-0.023901553601982074,-58.99412190329281,-0.19060018923153166,51.301695353879325,0.3571830077358527,0,0,0
-1.4798826804664316,-0.02537817315916726,-59.132315908564436,-0.11980215420633442,51.64856058138548,0.29686806262932636,0,0,0
-1.4848032875258923,-0.02987963326587817,-59.246796608921755,-0.008943297215569145,51.99632016709383,0.19232857461630032,0,0,0
-1.5119749902402901,-0.0367861325049347,-59.30175701645078,0.149626156827469,52.2937988409206,0.0352910560234065,0,0,0
-1.5660343146439146,-0.045038502221876796,-59.21606771885385,0.35867006405648566,52.44018003778824,-0.1768623011072748,0,0,0
-1.6456073771632873,-0.05323672498705463,-58.86908379615866,0.6130114021452073,52.296519770600284,-0.43810856571361967,0,0,0
-1.7435159319066997,-0.059842371111483314,-58.12355508212275,0.8978911388140034,51.71421507946319,-0.732226030188491,0,0,0
-1.8484752286911998,-0.06348395806408576,-56.863590793947935,1.18957045474194,50.57635057135758,-1.0334631268134942,0,0,0
-1.947706778178258,-0.06329538165920354,-55.039062505022486,1.4580380451949992,48.84236514990995,-1.3093633882333777,0,0,0
-2.029665731535303,-0.05917068405617698,-52.701455802699314,1.6707563346389662,46.5813850475963,-1.5247687577371238,0,0,0
-2.086317064258793,-0.051836058167737065,-50.01521051515277,1.7961611733142404,43.979435051994415,-1.6457269837770112,0,0,0
-2.114722261107289,-0.04270315831721092,-47.23661136114504,1.8062715772276334,41.31392931325054,-1.6425617604896459,0,0,0
-2.1177571041179277,-0.03353829343387673,-44.66641615697176,1.6787988580248112,38.90268628476005,-1.4923514055757707,0,0,0
-2.10368183080206,-0.026040605054038223,-42.59419367006112,1.399743507227953,37.04611126354936,-1.1817073382008345,0,0,0
-2.0843948963212853,-0.0214568298892047,-41.254455985711445,0.9670215238542426,35.982910200018125,-0.7103779788044505,0,0,0
-2.0726389603353965,-0.020348078829448467,-40.80636802388233,0.3943866818308521,35.870902165703825,-0.09497518235250198,0,0,0
-2.078898866245467,-0.02255679224321483,-41.33556650187464,-0.286193456453762,36.79070102370548,0.6289856488996989,0,0,0
-2.108881279231582,-0.02733884352313254,-42.866155721668406,-1.0255874066336474,38.759277189349234,1.408575846931099,0,0,0
-2.162275077070305,-0.0335827609688252,-45.36884726648006,-1.7627376889177184,41.73858536186545,2.1791670820588336,0,0,0
-2.2331465198297877,-0.04004878685999245,-48.75758898439079,-2.4332143649270477,45.63163322407128,2.8733877314166465,0,0,0
-2.3118849866909414,-0.04559174792676117,-52.87714507969039,-2.9788876612905626,50.269291540991404,3.431028540590023,0,0,0
-2.3881106963386145,-0.049347808063814114,-57.49248542748151,-3.356125668292185,55.39968778256153,3.8072832104358,0,0,0
-2.4535847138061797,-0.05086609964454425,-62.29379304614895,-3.540612013958915,60.69435710534839,3.9774912094116686,0,0,0
-2.5041696994019844,-0.050172153179043735,-66.9263373193316,-3.5282346651966234,65.77998857771583,3.9379430528265105,0,0,0
-2.540312375588897,-0.04775593325728522,-71.04333259861707,-3.332760560087209,70.29319560591836,3.703523126646142,0,0,0
-2.5661170409735377,-0.04447049471026645,-74.36762470680418,-2.9816477291114354,73.94373427006182,3.303510753539058,0,0,0
-2.5875598626909095,-0.041332422125188374,-76.74168664146379,-2.51134828325533,76.56561311782217,2.7768110470568375,0,0,0
-2.6106028110220194,-0.03925664533905433,-78.14850237363464,-1.963089042577235,78.13870771761434,2.1675630327464335,0,0,0
-2.639834409643157,-0.0388081994464244,-78.69645286735215,-1.3796303906019518,78.77381662832687,1.5216836941752647,0,0,0
-2.6778514669324522,-0.04006434324936521,-78.57406627550515,-0.803079880555319,78.66674075946186,0.8845297225588198,0,0,0
-2.725209207942825,-0.040500084034082166,-77.9906279122437,-0.4348670584741904,78.03740201155978,0.4813433552650742,0,0,0
-2.780677149729158,-0.042337011365262356,-77.12337585325386,-0.07368892726007559,77.07531811002586,0.08519394165527494,0,0,0
-2.8416667082704237,-0.04532189560067528,-76.09009695216847,0.2549357880827147,75.91119404710103,-0.2771896163597347,0,0,0
-2.9048131318956365,-0.049035053478936184,-74.95713612488478,0.531894374791643,74.62528580330402,-0.585570319051719,0,0,0
